seed,policy,route_minutes,time_total,life_total,units_delivered,avg_minutes_per_unit,score_alpha,score_beta,weighted_score,deliveries,route
1,NearestNeighborPolicy,46,126,3815991.449760998,570,6694.721841685961,1.0,0.001,-3689.9914497609984,10,"[0, 3, 6, 2, 7, 10, 8, 4, 1, 9, 5, 0]"
1,TwoOptPolicy,46,126,3815991.5135802403,570,6694.721953649544,1.0,0.001,-3689.9915135802403,10,"[0, 3, 6, 2, 7, 10, 8, 4, 1, 9, 5, 0]"
1,ORToolsTSPPolicy,31,111,3815991.5165629582,570,6694.721958882383,1.0,0.001,-3704.991516562958,10,"[0, 1, 9, 8, 4, 3, 6, 5, 2, 7, 10, 0]"
2,NearestNeighborPolicy,36,116,3815991.753846928,570,6694.722375170049,1.0,0.001,-3699.991753846928,10,"[0, 5, 9, 3, 1, 8, 7, 10, 4, 6, 2, 0]"
2,TwoOptPolicy,32,112,3815991.7373977946,570,6694.722346311921,1.0,0.001,-3703.9917373977946,10,"[0, 5, 9, 3, 1, 8, 7, 6, 4, 10, 2, 0]"
2,ORToolsTSPPolicy,31,111,3815991.5743259075,570,6694.72206022089,1.0,0.001,-3704.9915743259075,10,"[0, 6, 4, 10, 2, 7, 5, 9, 8, 1, 3, 0]"
3,NearestNeighborPolicy,30,110,3815991.6958124703,570,6694.722273355211,1.0,0.001,-3705.9916958124704,10,"[0, 10, 2, 1, 4, 9, 6, 7, 8, 3, 5, 0]"
3,TwoOptPolicy,30,110,3815991.744605821,570,6694.722358957581,1.0,0.001,-3705.991744605821,10,"[0, 10, 2, 1, 4, 9, 6, 7, 8, 3, 5, 0]"
3,ORToolsTSPPolicy,30,110,3815991.6645852025,570,6694.7222185705305,1.0,0.001,-3705.9916645852027,10,"[0, 10, 9, 6, 7, 1, 4, 5, 3, 8, 2, 0]"
4,NearestNeighborPolicy,33,113,3815991.6637801854,570,6694.72221715822,1.0,0.001,-3702.9916637801853,10,"[0, 6, 2, 1, 7, 5, 10, 9, 4, 3, 8, 0]"
4,TwoOptPolicy,33,113,3815991.550471628,570,6694.722018371277,1.0,0.001,-3702.991550471628,10,"[0, 6, 2, 1, 7, 5, 10, 9, 4, 3, 8, 0]"
4,ORToolsTSPPolicy,27,107,3815991.7278676424,570,6694.722329592355,1.0,0.001,-3708.9917278676426,10,"[0, 6, 10, 5, 4, 9, 8, 7, 2, 1, 3, 0]"
5,NearestNeighborPolicy,41,121,3815991.281108626,570,6694.721545804608,1.0,0.001,-3694.991281108626,10,"[0, 8, 1, 3, 2, 4, 9, 10, 5, 6, 7, 0]"
5,TwoOptPolicy,41,121,3815991.3484130045,570,6694.721663882464,1.0,0.001,-3694.9913484130047,10,"[0, 8, 1, 3, 2, 4, 9, 10, 5, 6, 7, 0]"
5,ORToolsTSPPolicy,30,110,3815991.6304001207,570,6694.722158596703,1.0,0.001,-3705.991630400121,10,"[0, 8, 9, 4, 10, 3, 2, 1, 5, 6, 7, 0]"
6,NearestNeighborPolicy,34,114,3815991.6846684637,570,6694.7222538043225,1.0,0.001,-3701.9916846684637,10,"[0, 5, 4, 6, 3, 9, 8, 7, 10, 2, 1, 0]"
6,TwoOptPolicy,34,114,3815991.6558091366,570,6694.722203173924,1.0,0.001,-3701.991655809137,10,"[0, 5, 4, 6, 3, 9, 8, 7, 10, 2, 1, 0]"
6,ORToolsTSPPolicy,24,104,3815991.632759255,570,6694.722162735535,1.0,0.001,-3711.991632759255,10,"[0, 2, 7, 10, 1, 8, 4, 5, 6, 3, 9, 0]"
7,NearestNeighborPolicy,31,111,3815991.6027904837,570,6694.722110158744,1.0,0.001,-3704.9916027904837,10,"[0, 3, 10, 2, 6, 8, 1, 5, 4, 7, 9, 0]"
7,TwoOptPolicy,29,109,3815991.7752380106,570,6694.722412698264,1.0,0.001,-3706.9917752380106,10,"[0, 10, 3, 2, 6, 8, 1, 5, 4, 7, 9, 0]"
7,ORToolsTSPPolicy,27,107,3815991.2801721725,570,6694.721544161706,1.0,0.001,-3708.9912801721725,10,"[0, 9, 7, 4, 5, 6, 8, 1, 3, 2, 10, 0]"
8,NearestNeighborPolicy,41,121,3815991.64810017,570,6694.722189649421,1.0,0.001,-3694.99164810017,10,"[0, 6, 5, 8, 3, 9, 2, 7, 1, 10, 4, 0]"
8,TwoOptPolicy,36,116,3815991.3591892095,570,6694.721682788087,1.0,0.001,-3699.9913591892096,10,"[0, 1, 10, 5, 8, 3, 9, 2, 7, 6, 4, 0]"
8,ORToolsTSPPolicy,28,108,3815991.6389281405,570,6694.722173558142,1.0,0.001,-3707.9916389281407,10,"[0, 6, 8, 9, 3, 2, 7, 1, 10, 5, 4, 0]"
9,NearestNeighborPolicy,30,110,3815991.7916985666,570,6694.722441576433,1.0,0.001,-3705.991791698567,10,"[0, 5, 2, 3, 6, 9, 1, 7, 8, 4, 10, 0]"
9,TwoOptPolicy,29,109,3815991.818046848,570,6694.722487801488,1.0,0.001,-3706.991818046848,10,"[0, 5, 2, 3, 6, 9, 1, 7, 4, 8, 10, 0]"
9,ORToolsTSPPolicy,27,107,3815991.585358439,570,6694.722079576209,1.0,0.001,-3708.991585358439,10,"[0, 5, 2, 3, 6, 4, 8, 10, 9, 1, 7, 0]"
10,NearestNeighborPolicy,41,121,3815991.574759261,570,6694.72206098116,1.0,0.001,-3694.9915747592613,10,"[0, 5, 1, 2, 4, 7, 10, 3, 8, 9, 6, 0]"
10,TwoOptPolicy,36,116,3815991.274870162,570,6694.721534859933,1.0,0.001,-3699.9912748701618,10,"[0, 8, 3, 10, 7, 4, 2, 9, 5, 1, 6, 0]"
10,ORToolsTSPPolicy,28,108,3815991.4696806204,570,6694.721876632667,1.0,0.001,-3707.9914696806204,10,"[0, 1, 6, 3, 8, 10, 7, 4, 2, 9, 5, 0]"
11,NearestNeighborPolicy,42,122,3815991.6456916756,570,6694.722185423992,1.0,0.001,-3693.991645691676,10,"[0, 1, 3, 10, 5, 6, 7, 4, 8, 2, 9, 0]"
11,TwoOptPolicy,42,122,3815991.689604291,570,6694.722262463669,1.0,0.001,-3693.9916896042914,10,"[0, 1, 3, 10, 5, 6, 7, 4, 8, 2, 9, 0]"
11,ORToolsTSPPolicy,33,113,3815991.5958649362,570,6694.72209800866,1.0,0.001,-3702.9915958649362,10,"[0, 1, 6, 7, 4, 3, 10, 5, 9, 2, 8, 0]"
12,NearestNeighborPolicy,28,108,3815991.710503418,570,6694.722299128804,1.0,0.001,-3707.9917105034183,10,"[0, 1, 6, 5, 4, 8, 9, 10, 7, 3, 2, 0]"
12,TwoOptPolicy,28,108,3815991.805811032,570,6694.722466335144,1.0,0.001,-3707.9918058110325,10,"[0, 1, 6, 5, 4, 8, 9, 10, 7, 3, 2, 0]"
12,ORToolsTSPPolicy,24,104,3815991.586395248,570,6694.722081395172,1.0,0.001,-3711.991586395248,10,"[0, 2, 7, 3, 8, 4, 9, 10, 1, 6, 5, 0]"
13,NearestNeighborPolicy,30,110,3815991.715081069,570,6694.72230715977,1.0,0.001,-3705.9917150810693,10,"[0, 7, 4, 3, 9, 10, 1, 2, 8, 6, 5, 0]"
13,TwoOptPolicy,30,110,3815991.5417172126,570,6694.722003012654,1.0,0.001,-3705.991541717213,10,"[0, 7, 4, 3, 9, 10, 1, 2, 8, 6, 5, 0]"
13,ORToolsTSPPolicy,29,109,3815991.414863199,570,6694.721780461753,1.0,0.001,-3706.991414863199,10,"[0, 6, 5, 8, 2, 3, 4, 9, 10, 1, 7, 0]"
14,NearestNeighborPolicy,38,118,3815991.398669908,570,6694.72175205247,1.0,0.001,-3697.991398669908,10,"[0, 3, 7, 5, 9, 6, 1, 2, 4, 8, 10, 0]"
14,TwoOptPolicy,36,116,3815991.3910759143,570,6694.721738729674,1.0,0.001,-3699.991391075914,10,"[0, 3, 7, 5, 1, 6, 9, 2, 4, 8, 10, 0]"
14,ORToolsTSPPolicy,29,109,3815991.5827075727,570,6694.722074925567,1.0,0.001,-3706.991582707573,10,"[0, 10, 8, 7, 3, 4, 2, 5, 1, 9, 6, 0]"
15,NearestNeighborPolicy,27,107,3815991.6427833857,570,6694.722180321729,1.0,0.001,-3708.991642783386,10,"[0, 9, 5, 4, 2, 10, 7, 1, 3, 6, 8, 0]"
15,TwoOptPolicy,27,107,3815991.636402581,570,6694.722169127335,1.0,0.001,-3708.9916364025808,10,"[0, 9, 5, 4, 2, 10, 7, 1, 3, 6, 8, 0]"
15,ORToolsTSPPolicy,25,105,3815991.5092986347,570,6694.7219461379555,1.0,0.001,-3710.991509298635,10,"[0, 6, 8, 10, 2, 7, 3, 1, 4, 9, 5, 0]"
16,NearestNeighborPolicy,35,115,3815991.682397767,570,6694.722249820644,1.0,0.001,-3700.991682397767,10,"[0, 1, 2, 6, 5, 4, 3, 8, 7, 9, 10, 0]"
16,TwoOptPolicy,35,115,3815991.7210395215,570,6694.722317613196,1.0,0.001,-3700.9917210395215,10,"[0, 1, 2, 6, 5, 4, 3, 8, 7, 9, 10, 0]"
16,ORToolsTSPPolicy,26,106,3815991.6686318484,570,6694.72222566991,1.0,0.001,-3709.9916686318484,10,"[0, 10, 8, 7, 9, 3, 4, 1, 2, 6, 5, 0]"
17,NearestNeighborPolicy,47,127,3815991.442006082,570,6694.721828080846,1.0,0.001,-3688.991442006082,10,"[0, 6, 4, 1, 3, 8, 9, 10, 5, 7, 2, 0]"
17,TwoOptPolicy,45,125,3815991.344072909,570,6694.7216562682615,1.0,0.001,-3690.991344072909,10,"[0, 6, 4, 1, 10, 9, 8, 3, 5, 7, 2, 0]"
17,ORToolsTSPPolicy,33,113,3815991.5361745614,570,6694.721993288704,1.0,0.001,-3702.9915361745616,10,"[0, 10, 9, 1, 8, 3, 2, 6, 4, 5, 7, 0]"
18,NearestNeighborPolicy,28,108,3815991.7942812573,570,6694.722446107469,1.0,0.001,-3707.991794281257,10,"[0, 3, 4, 5, 9, 2, 6, 1, 10, 7, 8, 0]"
18,TwoOptPolicy,28,108,3815991.854258558,570,6694.722551330803,1.0,0.001,-3707.991854258558,10,"[0, 3, 4, 5, 9, 2, 6, 1, 10, 7, 8, 0]"
18,ORToolsTSPPolicy,22,102,3815991.725986541,570,6694.722326292177,1.0,0.001,-3713.991725986541,10,"[0, 4, 7, 8, 10, 6, 1, 9, 2, 5, 3, 0]"
19,NearestNeighborPolicy,32,112,3815991.7666054615,570,6694.722397553442,1.0,0.001,-3703.9917666054616,10,"[0, 2, 8, 10, 4, 5, 6, 7, 9, 1, 3, 0]"
19,TwoOptPolicy,25,105,3815991.587170315,570,6694.722082754938,1.0,0.001,-3710.991587170315,10,"[0, 10, 7, 6, 4, 5, 9, 2, 8, 1, 3, 0]"
19,ORToolsTSPPolicy,22,102,3815991.711135434,570,6694.722300237603,1.0,0.001,-3713.991711135434,10,"[0, 2, 10, 7, 5, 6, 4, 9, 8, 1, 3, 0]"
20,NearestNeighborPolicy,36,116,3815991.4615293476,570,6694.721862332189,1.0,0.001,-3699.991461529348,10,"[0, 3, 5, 10, 8, 1, 2, 4, 6, 7, 9, 0]"
20,TwoOptPolicy,35,115,3815991.4934507543,570,6694.721918334657,1.0,0.001,-3700.991493450754,10,"[0, 3, 5, 10, 8, 4, 2, 1, 6, 7, 9, 0]"
20,ORToolsTSPPolicy,28,108,3815991.599569903,570,6694.722104508603,1.0,0.001,-3707.9915995699034,10,"[0, 7, 9, 5, 10, 8, 1, 4, 2, 6, 3, 0]"
21,NearestNeighborPolicy,34,114,3815991.679669914,570,6694.722245034936,1.0,0.001,-3701.991679669914,10,"[0, 2, 4, 10, 8, 5, 7, 9, 6, 3, 1, 0]"
21,TwoOptPolicy,34,114,3815991.5389533364,570,6694.721998163748,1.0,0.001,-3701.9915389533367,10,"[0, 2, 4, 10, 8, 5, 7, 9, 6, 3, 1, 0]"
21,ORToolsTSPPolicy,28,108,3815991.6306264363,570,6694.722158993748,1.0,0.001,-3707.9916306264363,10,"[0, 9, 6, 3, 1, 5, 7, 8, 4, 10, 2, 0]"
22,NearestNeighborPolicy,54,134,3815991.184308864,570,6694.721375980464,1.0,0.001,-3681.9911843088644,10,"[0, 1, 5, 6, 4, 9, 10, 8, 7, 2, 3, 0]"
22,TwoOptPolicy,45,125,3815991.158672677,570,6694.721331004696,1.0,0.001,-3690.991158672677,10,"[0, 1, 5, 2, 8, 7, 4, 9, 10, 6, 3, 0]"
22,ORToolsTSPPolicy,39,119,3815991.1017619185,570,6694.72123116126,1.0,0.001,-3696.991101761919,10,"[0, 10, 2, 8, 7, 5, 9, 1, 6, 4, 3, 0]"
23,NearestNeighborPolicy,41,121,3815991.4047355247,570,6694.721762693903,1.0,0.001,-3694.9914047355246,10,"[0, 3, 4, 10, 7, 5, 6, 8, 2, 9, 1, 0]"
23,TwoOptPolicy,40,120,3815991.394814719,570,6694.721745288981,1.0,0.001,-3695.991394814719,10,"[0, 3, 4, 10, 7, 2, 8, 6, 5, 9, 1, 0]"
23,ORToolsTSPPolicy,27,107,3815991.537264417,570,6694.721995200732,1.0,0.001,-3708.991537264417,10,"[0, 9, 1, 8, 2, 4, 10, 7, 5, 6, 3, 0]"
24,NearestNeighborPolicy,30,110,3815991.473939587,570,6694.721884104539,1.0,0.001,-3705.991473939587,10,"[0, 8, 10, 1, 6, 9, 7, 3, 4, 5, 2, 0]"
24,TwoOptPolicy,30,110,3815991.504275952,570,6694.7219373262315,1.0,0.001,-3705.991504275952,10,"[0, 8, 10, 1, 6, 9, 7, 3, 4, 5, 2, 0]"
24,ORToolsTSPPolicy,27,107,3815991.5319853327,570,6694.72198593918,1.0,0.001,-3708.9915319853326,10,"[0, 8, 10, 1, 6, 9, 7, 3, 5, 2, 4, 0]"
25,NearestNeighborPolicy,38,118,3815991.444498362,570,6694.721832453267,1.0,0.001,-3697.991444498362,10,"[0, 6, 5, 8, 3, 9, 2, 10, 4, 7, 1, 0]"
25,TwoOptPolicy,38,118,3815991.5737151215,570,6694.722059149336,1.0,0.001,-3697.9915737151214,10,"[0, 6, 5, 8, 3, 9, 2, 10, 4, 7, 1, 0]"
25,ORToolsTSPPolicy,28,108,3815991.671799881,570,6694.722231227861,1.0,0.001,-3707.991671799881,10,"[0, 6, 1, 4, 7, 5, 8, 3, 9, 2, 10, 0]"
26,NearestNeighborPolicy,37,117,3815991.5706344103,570,6694.722053744579,1.0,0.001,-3698.9915706344104,10,"[0, 5, 1, 4, 9, 10, 7, 8, 3, 2, 6, 0]"
26,TwoOptPolicy,34,114,3815991.72443756,570,6694.722323574667,1.0,0.001,-3701.99172443756,10,"[0, 5, 1, 4, 9, 10, 7, 2, 3, 8, 6, 0]"
26,ORToolsTSPPolicy,27,107,3815991.5318580996,570,6694.721985715964,1.0,0.001,-3708.9915318580997,10,"[0, 6, 5, 2, 3, 9, 10, 7, 8, 1, 4, 0]"
27,NearestNeighborPolicy,33,113,3815991.540314443,570,6694.722000551655,1.0,0.001,-3702.9915403144432,10,"[0, 4, 6, 2, 5, 8, 10, 1, 9, 3, 7, 0]"
27,TwoOptPolicy,33,113,3815991.526023432,570,6694.721975479705,1.0,0.001,-3702.991526023432,10,"[0, 4, 6, 2, 5, 8, 10, 1, 9, 3, 7, 0]"
27,ORToolsTSPPolicy,30,110,3815991.522743484,570,6694.72196972541,1.0,0.001,-3705.991522743484,10,"[0, 1, 10, 9, 6, 2, 5, 8, 4, 7, 3, 0]"
28,NearestNeighborPolicy,25,105,3815991.7727781683,570,6694.722408382751,1.0,0.001,-3710.9917727781685,10,"[0, 4, 2, 6, 1, 7, 3, 10, 8, 5, 9, 0]"
28,TwoOptPolicy,25,105,3815991.82384014,570,6694.722497965157,1.0,0.001,-3710.99182384014,10,"[0, 4, 2, 6, 1, 7, 3, 10, 8, 5, 9, 0]"
28,ORToolsTSPPolicy,25,105,3815991.7232954255,570,6694.722321570922,1.0,0.001,-3710.991723295426,10,"[0, 4, 2, 6, 1, 7, 3, 10, 8, 9, 5, 0]"
29,NearestNeighborPolicy,37,117,3815991.6532182572,570,6694.722198628521,1.0,0.001,-3698.9916532182574,10,"[0, 1, 3, 2, 9, 8, 5, 6, 10, 4, 7, 0]"
29,TwoOptPolicy,37,117,3815991.571953389,570,6694.7220560585765,1.0,0.001,-3698.9915719533888,10,"[0, 1, 3, 2, 9, 8, 5, 6, 10, 4, 7, 0]"
29,ORToolsTSPPolicy,26,106,3815991.4522365755,570,6694.72184602908,1.0,0.001,-3709.9914522365757,10,"[0, 6, 5, 10, 4, 8, 9, 2, 7, 3, 1, 0]"
30,NearestNeighborPolicy,42,122,3815991.4868848613,570,6694.721906815546,1.0,0.001,-3693.9914868848614,10,"[0, 1, 3, 7, 2, 4, 5, 10, 6, 9, 8, 0]"
30,TwoOptPolicy,42,122,3815991.461634576,570,6694.7218625168,1.0,0.001,-3693.991461634576,10,"[0, 1, 3, 7, 2, 4, 5, 10, 6, 9, 8, 0]"
30,ORToolsTSPPolicy,34,114,3815991.451678657,570,6694.721845050275,1.0,0.001,-3701.991451678657,10,"[0, 9, 5, 10, 6, 8, 2, 3, 7, 4, 1, 0]"
31,NearestNeighborPolicy,42,122,3815991.599261813,570,6694.722103968093,1.0,0.001,-3693.991599261813,10,"[0, 7, 8, 4, 2, 3, 9, 1, 10, 6, 5, 0]"
31,TwoOptPolicy,37,117,3815991.6597053222,570,6694.722210009338,1.0,0.001,-3698.9916597053225,10,"[0, 7, 8, 4, 2, 10, 1, 9, 3, 6, 5, 0]"
31,ORToolsTSPPolicy,25,105,3815991.4657323807,570,6694.721869705932,1.0,0.001,-3710.9914657323807,10,"[0, 1, 3, 9, 6, 10, 7, 8, 4, 5, 2, 0]"
32,NearestNeighborPolicy,42,122,3815991.405121749,570,6694.721763371489,1.0,0.001,-3693.991405121749,10,"[0, 2, 3, 6, 10, 5, 1, 4, 8, 7, 9, 0]"
32,TwoOptPolicy,42,122,3815991.371906936,570,6694.721705099888,1.0,0.001,-3693.9913719069364,10,"[0, 2, 3, 6, 10, 5, 1, 4, 8, 7, 9, 0]"
32,ORToolsTSPPolicy,36,116,3815991.1597555787,570,6694.721332904524,1.0,0.001,-3699.991159755579,10,"[0, 8, 7, 1, 4, 9, 2, 6, 10, 5, 3, 0]"
33,NearestNeighborPolicy,25,105,3815991.78601618,570,6694.722431607333,1.0,0.001,-3710.9917860161804,10,"[0, 7, 5, 1, 3, 6, 9, 10, 2, 4, 8, 0]"
33,TwoOptPolicy,25,105,3815991.848777288,570,6694.722541714541,1.0,0.001,-3710.9918487772884,10,"[0, 7, 5, 1, 3, 6, 9, 10, 2, 4, 8, 0]"
33,ORToolsTSPPolicy,23,103,3815991.6934186122,570,6694.72226915546,1.0,0.001,-3712.991693418612,10,"[0, 9, 10, 2, 4, 8, 5, 1, 6, 3, 7, 0]"
34,NearestNeighborPolicy,32,112,3815991.5256947028,570,6694.721974902987,1.0,0.001,-3703.991525694703,10,"[0, 1, 7, 10, 5, 6, 9, 3, 4, 8, 2, 0]"
34,TwoOptPolicy,32,112,3815991.651253521,570,6694.7221951816155,1.0,0.001,-3703.991651253521,10,"[0, 1, 7, 10, 5, 6, 9, 3, 4, 8, 2, 0]"
34,ORToolsTSPPolicy,30,110,3815991.4359902707,570,6694.721817526791,1.0,0.001,-3705.991435990271,10,"[0, 7, 10, 5, 6, 9, 4, 3, 2, 8, 1, 0]"
35,NearestNeighborPolicy,30,110,3815991.6646967093,570,6694.722218766156,1.0,0.001,-3705.9916646967094,10,"[0, 4, 1, 5, 2, 7, 8, 10, 9, 3, 6, 0]"
35,TwoOptPolicy,29,109,3815991.6209646384,570,6694.722142043225,1.0,0.001,-3706.9916209646385,10,"[0, 4, 1, 5, 2, 7, 10, 8, 9, 3, 6, 0]"
35,ORToolsTSPPolicy,26,106,3815991.510026175,570,6694.721947414342,1.0,0.001,-3709.991510026175,10,"[0, 6, 10, 7, 8, 9, 3, 1, 5, 2, 4, 0]"
36,NearestNeighborPolicy,34,114,3815991.736349124,570,6694.722344472148,1.0,0.001,-3701.991736349124,10,"[0, 6, 1, 5, 9, 7, 3, 8, 2, 10, 4, 0]"
36,TwoOptPolicy,34,114,3815991.637401769,570,6694.722170880296,1.0,0.001,-3701.991637401769,10,"[0, 6, 1, 5, 9, 7, 3, 8, 2, 10, 4, 0]"
36,ORToolsTSPPolicy,25,105,3815991.63793762,570,6694.7221718203855,1.0,0.001,-3710.99163793762,10,"[0, 6, 1, 9, 5, 4, 10, 3, 8, 2, 7, 0]"
37,NearestNeighborPolicy,38,118,3815991.5290199225,570,6694.721980736706,1.0,0.001,-3697.9915290199224,10,"[0, 6, 3, 8, 4, 1, 5, 10, 7, 2, 9, 0]"
37,TwoOptPolicy,36,116,3815991.556467036,570,6694.722028889537,1.0,0.001,-3699.991556467036,10,"[0, 6, 3, 8, 4, 1, 10, 7, 5, 2, 9, 0]"
37,ORToolsTSPPolicy,25,105,3815991.6229603733,570,6694.722145544514,1.0,0.001,-3710.991622960373,10,"[0, 7, 5, 1, 10, 2, 9, 6, 3, 8, 4, 0]"
38,NearestNeighborPolicy,32,112,3815991.6989085074,570,6694.722278786855,1.0,0.001,-3703.9916989085073,10,"[0, 1, 3, 4, 8, 2, 9, 5, 10, 6, 7, 0]"
38,TwoOptPolicy,32,112,3815991.766789294,570,6694.722397875954,1.0,0.001,-3703.9917667892937,10,"[0, 1, 3, 4, 8, 2, 9, 5, 10, 6, 7, 0]"
38,ORToolsTSPPolicy,26,106,3815991.6257367856,570,6694.722150415413,1.0,0.001,-3709.991625736786,10,"[0, 9, 10, 6, 7, 5, 2, 4, 8, 1, 3, 0]"
39,NearestNeighborPolicy,32,112,3815991.778650242,570,6694.722418684635,1.0,0.001,-3703.991778650242,10,"[0, 3, 4, 1, 2, 6, 5, 10, 8, 7, 9, 0]"
39,TwoOptPolicy,31,111,3815991.676273651,570,6694.722239076581,1.0,0.001,-3704.991676273651,10,"[0, 3, 4, 2, 1, 6, 5, 10, 8, 7, 9, 0]"
39,ORToolsTSPPolicy,22,102,3815991.5092617823,570,6694.721946073302,1.0,0.001,-3713.9915092617825,10,"[0, 9, 3, 7, 4, 2, 1, 6, 5, 10, 8, 0]"
40,NearestNeighborPolicy,37,117,3815991.547273717,570,6694.722012760907,1.0,0.001,-3698.991547273717,10,"[0, 8, 3, 5, 1, 10, 4, 2, 7, 6, 9, 0]"
40,TwoOptPolicy,37,117,3815991.441432964,570,6694.721827075376,1.0,0.001,-3698.991441432964,10,"[0, 8, 3, 5, 1, 10, 4, 2, 7, 6, 9, 0]"
40,ORToolsTSPPolicy,34,114,3815991.3045482915,570,6694.7215869268275,1.0,0.001,-3701.9913045482917,10,"[0, 6, 7, 2, 4, 1, 10, 9, 5, 8, 3, 0]"
41,NearestNeighborPolicy,36,116,3815991.4789931104,570,6694.7218929703695,1.0,0.001,-3699.9914789931104,10,"[0, 1, 5, 6, 3, 10, 4, 7, 9, 2, 8, 0]"
41,TwoOptPolicy,36,116,3815991.3775536683,570,6694.721715006435,1.0,0.001,-3699.9913775536684,10,"[0, 1, 5, 6, 3, 10, 4, 7, 9, 2, 8, 0]"
41,ORToolsTSPPolicy,27,107,3815991.4974568533,570,6694.7219253629,1.0,0.001,-3708.9914974568533,10,"[0, 8, 1, 9, 2, 3, 7, 5, 6, 10, 4, 0]"
42,NearestNeighborPolicy,35,115,3815991.4943278534,570,6694.721919873427,1.0,0.001,-3700.9914943278536,10,"[0, 8, 3, 5, 2, 6, 9, 10, 4, 1, 7, 0]"
42,TwoOptPolicy,33,113,3815991.4259890793,570,6694.721799980841,1.0,0.001,-3702.9914259890793,10,"[0, 8, 3, 5, 2, 6, 9, 1, 4, 10, 7, 0]"
42,ORToolsTSPPolicy,27,107,3815991.4476196137,570,6694.721837929147,1.0,0.001,-3708.9914476196136,10,"[0, 4, 1, 10, 5, 2, 7, 9, 6, 8, 3, 0]"
43,NearestNeighborPolicy,30,110,3815991.692096255,570,6694.722266835534,1.0,0.001,-3705.991692096255,10,"[0, 4, 6, 1, 5, 2, 3, 7, 8, 10, 9, 0]"
43,TwoOptPolicy,30,110,3815991.6812519035,570,6694.722247810357,1.0,0.001,-3705.9916812519036,10,"[0, 4, 6, 1, 5, 2, 3, 7, 8, 10, 9, 0]"
43,ORToolsTSPPolicy,21,101,3815991.845054878,570,6694.722535183996,1.0,0.001,-3714.991845054878,10,"[0, 4, 9, 3, 7, 6, 1, 5, 2, 8, 10, 0]"
44,NearestNeighborPolicy,34,114,3815991.516065494,570,6694.721958009639,1.0,0.001,-3701.991516065494,10,"[0, 1, 7, 4, 3, 5, 9, 6, 8, 2, 10, 0]"
44,TwoOptPolicy,34,114,3815991.5917470786,570,6694.722090784348,1.0,0.001,-3701.9915917470785,10,"[0, 1, 7, 4, 3, 5, 9, 6, 8, 2, 10, 0]"
44,ORToolsTSPPolicy,30,110,3815991.744412363,570,6694.722358618181,1.0,0.001,-3705.991744412363,10,"[0, 7, 4, 3, 5, 1, 9, 6, 8, 2, 10, 0]"
45,NearestNeighborPolicy,34,114,3815991.6506865495,570,6694.722194186929,1.0,0.001,-3701.9916506865497,10,"[0, 4, 3, 1, 6, 2, 10, 5, 7, 9, 8, 0]"
45,TwoOptPolicy,34,114,3815991.631552264,570,6694.722160618007,1.0,0.001,-3701.991631552264,10,"[0, 4, 3, 1, 6, 2, 10, 5, 7, 9, 8, 0]"
45,ORToolsTSPPolicy,34,114,3815991.4686313393,570,6694.721874791823,1.0,0.001,-3701.9914686313396,10,"[0, 4, 3, 1, 6, 2, 10, 5, 7, 9, 8, 0]"
46,NearestNeighborPolicy,45,125,3815991.407445087,570,6694.721767447521,1.0,0.001,-3690.991407445087,10,"[0, 2, 4, 9, 1, 8, 6, 10, 3, 5, 7, 0]"
46,TwoOptPolicy,40,120,3815991.3809136767,570,6694.721720901187,1.0,0.001,-3695.991380913677,10,"[0, 1, 8, 9, 4, 2, 6, 10, 3, 5, 7, 0]"
46,ORToolsTSPPolicy,33,113,3815991.220150357,570,6694.721438860276,1.0,0.001,-3702.991220150357,10,"[0, 7, 5, 1, 8, 9, 4, 2, 6, 10, 3, 0]"
47,NearestNeighborPolicy,42,122,3815991.607843559,570,6694.722119023787,1.0,0.001,-3693.991607843559,10,"[0, 3, 2, 10, 9, 4, 1, 7, 5, 6, 8, 0]"
47,TwoOptPolicy,42,122,3815991.6371586444,570,6694.722170453762,1.0,0.001,-3693.9916371586446,10,"[0, 3, 2, 10, 9, 4, 1, 7, 5, 6, 8, 0]"
47,ORToolsTSPPolicy,34,114,3815991.4265932827,570,6694.721801040847,1.0,0.001,-3701.991426593283,10,"[0, 7, 4, 6, 8, 10, 9, 3, 1, 2, 5, 0]"
48,NearestNeighborPolicy,32,112,3815991.511920934,570,6694.721950738481,1.0,0.001,-3703.991511920934,10,"[0, 1, 2, 4, 3, 8, 5, 7, 6, 10, 9, 0]"
48,TwoOptPolicy,32,112,3815991.6255039545,570,6694.722150006937,1.0,0.001,-3703.9916255039548,10,"[0, 1, 2, 4, 3, 8, 5, 7, 6, 10, 9, 0]"
48,ORToolsTSPPolicy,32,112,3815991.609600518,570,6694.722122106172,1.0,0.001,-3703.991609600518,10,"[0, 1, 2, 4, 3, 8, 5, 7, 6, 10, 9, 0]"
49,NearestNeighborPolicy,31,111,3815991.608014663,570,6694.72211932397,1.0,0.001,-3704.991608014663,10,"[0, 6, 8, 10, 2, 4, 5, 1, 9, 3, 7, 0]"
49,TwoOptPolicy,25,105,3815991.7988042566,570,6694.722454042555,1.0,0.001,-3710.9917988042566,10,"[0, 6, 8, 10, 3, 9, 1, 4, 2, 5, 7, 0]"
49,ORToolsTSPPolicy,24,104,3815991.7669028547,570,6694.722398075183,1.0,0.001,-3711.9917669028546,10,"[0, 8, 10, 3, 9, 1, 4, 2, 5, 7, 6, 0]"
50,NearestNeighborPolicy,43,123,3815991.497037739,570,6694.721924627613,1.0,0.001,-3692.991497037739,10,"[0, 9, 10, 7, 2, 5, 1, 6, 3, 8, 4, 0]"
50,TwoOptPolicy,33,113,3815991.6297689336,570,6694.722157489357,1.0,0.001,-3702.9916297689338,10,"[0, 9, 10, 7, 8, 6, 3, 2, 5, 1, 4, 0]"
50,ORToolsTSPPolicy,28,108,3815991.414514648,570,6694.72177985026,1.0,0.001,-3707.9914145146477,10,"[0, 4, 2, 5, 7, 1, 9, 8, 6, 3, 10, 0]"
